,Domain,Type,TLD Manager
0,.aarp,generic,AARP
1,.abarth,generic,Fiat Chrysler Automobiles N.V.
2,.abb,generic,ABB Ltd
3,.abbott,generic,"Abbott Laboratories, Inc."
4,.abbvie,generic,AbbVie Inc.
5,.abc,generic,"Disney Enterprises, Inc."
6,.able,generic,Able Inc.
7,.abogado,generic,Minds + Machines Group Limited
8,.abudhabi,generic,Abu Dhabi Systems and Information Centre
9,.ac,country-code,Internet Computer Bureau Limited
10,.academy,generic,"Binky Moon, LLC"
11,.accenture,generic,Accenture plc
12,.accountant,generic,dot Accountant Limited
13,.accountants,generic,"Binky Moon, LLC"
14,.aco,generic,ACO Severin Ahlmann GmbH & Co. KG
15,.active,generic,Not assigned
16,.actor,generic,United TLD Holdco Ltd.
17,.ad,country-code,Andorra Telecom
18,.adac,generic,Allgemeiner Deutscher Automobil-Club e.V. (ADAC)
19,.ads,generic,Charleston Road Registry Inc.
20,.adult,generic,ICM Registry AD LLC
21,.ae,country-code,Telecommunication Regulatory Authority (TRA)
22,.aeg,generic,Aktiebolaget Electrolux
23,.aero,sponsored,Societe Internationale de Telecommunications Aeronautique (SITA INC USA)
24,.aetna,generic,Aetna Life Insurance Company
25,.af,country-code,Ministry of Communications and IT
26,.afamilycompany,generic,"Johnson Shareholdings, Inc."
27,.afl,generic,Australian Football League
28,.africa,generic,ZA Central Registry NPC trading as Registry.Africa
29,.ag,country-code,UHSA School of Medicine
30,.agakhan,generic,Fondation Aga Khan (Aga Khan Foundation)
31,.agency,generic,"Binky Moon, LLC"
32,.ai,country-code,Government of Anguilla
33,.aig,generic,"American International Group, Inc."
34,.aigo,generic,"aigo Digital Technology Co,Ltd."
35,.airbus,generic,Airbus S.A.S.
36,.airforce,generic,United TLD Holdco Ltd.
37,.airtel,generic,Bharti Airtel Limited
38,.akdn,generic,Fondation Aga Khan (Aga Khan Foundation)
39,.al,country-code,Electronic and Postal Communications Authority - AKEP
40,.alfaromeo,generic,Fiat Chrysler Automobiles N.V.
41,.alibaba,generic,Alibaba Group Holding Limited
42,.alipay,generic,Alibaba Group Holding Limited
43,.allfinanz,generic,Allfinanz Deutsche Vermögensberatung Aktiengesellschaft
44,.allstate,generic,Allstate Fire and Casualty Insurance Company
45,.ally,generic,Ally Financial Inc.
46,.alsace,generic,REGION GRAND EST
47,.alstom,generic,ALSTOM
48,.am,country-code,"""Internet Society"" Non-governmental Organization"
49,.amazon,generic,"Amazon Registry Services, Inc."
50,.americanexpress,generic,"American Express Travel Related Services Company, Inc."
51,.americanfamily,generic,"AmFam, Inc."
52,.amex,generic,"American Express Travel Related Services Company, Inc."
53,.amfam,generic,"AmFam, Inc."
54,.amica,generic,Amica Mutual Insurance Company
55,.amsterdam,generic,Gemeente Amsterdam
56,.an,country-code,Retired
57,.analytics,generic,Campus IP LLC
58,.android,generic,Charleston Road Registry Inc.
59,.anquan,generic,QIHOO 360 TECHNOLOGY CO. LTD.
60,.anz,generic,Australia and New Zealand Banking Group Limited
61,.ao,country-code,Faculdade de Engenharia da Universidade Agostinho Neto
62,.aol,generic,OATH Inc.
63,.apartments,generic,"Binky Moon, LLC"
64,.app,generic,Charleston Road Registry Inc.
65,.apple,generic,Apple Inc.
66,.aq,country-code,Antarctica Network Information Centre Limited
67,.aquarelle,generic,Aquarelle.com
68,.ar,country-code,Presidencia de la Nación – Secretaría Legal y Técnica
69,.arab,generic,League of Arab States
70,.aramco,generic,Aramco Services Company
71,.archi,generic,Afilias Limited
72,.army,generic,United TLD Holdco Ltd.
73,.arpa,infrastructure,Internet Architecture Board (IAB)
74,.art,generic,UK Creative Ideas Limited
75,.arte,generic,Association Relative à la Télévision Européenne G.E.I.E.
76,.as,country-code,AS Domain Registry
77,.asda,generic,"Wal-Mart Stores, Inc."
78,.asia,sponsored,DotAsia Organisation Ltd.
79,.associates,generic,"Binky Moon, LLC"
80,.at,country-code,nic.at GmbH
81,.athleta,generic,"The Gap, Inc."
82,.attorney,generic,"United TLD Holdco, Ltd"
83,.au,country-code,.au Domain Administration (auDA)
84,.auction,generic,"United TLD HoldCo, Ltd."
85,.audi,generic,AUDI Aktiengesellschaft
86,.audible,generic,"Amazon Registry Services, Inc."
87,.audio,generic,"Uniregistry, Corp."
88,.auspost,generic,Australian Postal Corporation
89,.author,generic,"Amazon Registry Services, Inc."
90,.auto,generic,Cars Registry Limited
91,.autos,generic,"DERAutos, LLC"
92,.avianca,generic,Avianca Holdings S.A.
93,.aw,country-code,SETAR
94,.aws,generic,"Amazon Registry Services, Inc."
95,.ax,country-code,Ålands landskapsregering
96,.axa,generic,AXA SA
97,.az,country-code,IntraNS
98,.azure,generic,Microsoft Corporation
99,.ba,country-code,Universtiy Telinformatic Centre (UTIC)
100,.baby,generic,XYZ.COM LLC
101,.baidu,generic,"Baidu, Inc."
102,.banamex,generic,Citigroup Inc.
103,.bananarepublic,generic,"The Gap, Inc."
104,.band,generic,"United TLD Holdco, Ltd"
105,.bank,generic,"fTLD Registry Services, LLC"
106,.bar,generic,Punto 2012 Sociedad Anonima Promotora de Inversion de Capital Variable
107,.barcelona,generic,Municipi de Barcelona
108,.barclaycard,generic,Barclays Bank PLC
109,.barclays,generic,Barclays Bank PLC
110,.barefoot,generic,"Gallo Vineyards, Inc."
111,.bargains,generic,"Binky Moon, LLC"
112,.baseball,generic,"MLB Advanced Media DH, LLC"
113,.basketball,generic,Fédération Internationale de Basketball (FIBA)
114,.bauhaus,generic,Werkhaus GmbH
115,.bayern,generic,Bayern Connect GmbH
116,.bb,country-code,Government of Barbados
117,.bbc,generic,British Broadcasting Corporation
118,.bbt,generic,BB&T Corporation
119,.bbva,generic,"BANCO BILBAO VIZCAYA ARGENTARIA, S.A."
120,.bcg,generic,"The Boston Consulting Group, Inc."
121,.bcn,generic,Municipi de Barcelona
122,.bd,country-code,Posts and Telecommunications Division
123,.be,country-code,DNS Belgium vzw/asbl
124,.beats,generic,"Beats Electronics, LLC"
125,.beauty,generic,L'Oréal
126,.beer,generic,Minds + Machines Group Limited
127,.bentley,generic,Bentley Motors Limited
128,.berlin,generic,dotBERLIN GmbH & Co. KG
129,.best,generic,BestTLD Pty Ltd
130,.bestbuy,generic,"BBY Solutions, Inc."
131,.bet,generic,Afilias Limited
132,.bf,country-code,ARCE-AutoritÈ de RÈgulation des Communications Electroniques
133,.bg,country-code,Register.BG
134,.bh,country-code,Telecommunications Regulatory Authority (TRA)
135,.bharti,generic,Bharti Enterprises (Holding) Private Limited
136,.bi,country-code,Centre National de l'Informatique
137,.bible,generic,American Bible Society
138,.bid,generic,dot Bid Limited
139,.bike,generic,"Binky Moon, LLC"
140,.bing,generic,Microsoft Corporation
141,.bingo,generic,"Binky Moon, LLC"
142,.bio,generic,Afilias Limited
143,.biz,generic-restricted,"Neustar, Inc."
144,.bj,country-code,Autorité de Régulation des Communications Electroniques et de la Poste du Bénin (ARCEP BENIN)
145,.bl,country-code,Not assigned
146,.black,generic,Afilias Limited
147,.blackfriday,generic,"Uniregistry, Corp."
148,.blanco,generic,Not assigned
149,.blockbuster,generic,Dish DBS Corporation
150,.blog,generic,"Knock Knock WHOIS There, LLC"
151,.bloomberg,generic,Bloomberg IP Holdings LLC
152,.blue,generic,Afilias Limited
153,.bm,country-code,"Registry General Department, Ministry of Home Affairs"
154,.bms,generic,Bristol-Myers Squibb Company
155,.bmw,generic,Bayerische Motoren Werke Aktiengesellschaft
156,.bn,country-code,Authority for Info-communications Technology Industry of Brunei Darussalam (AITI)
157,.bnl,generic,Not assigned
158,.bnpparibas,generic,BNP Paribas
159,.bo,country-code,Agencia para el Desarrollo de la Información de la Sociedad en Bolivia
160,.boats,generic,"DERBoats, LLC"
161,.boehringer,generic,Boehringer Ingelheim International GmbH
162,.bofa,generic,Bank of America Corporation
163,.bom,generic,Núcleo de Informação e Coordenação do Ponto BR - NIC.br
164,.bond,generic,Shortdot SA
165,.boo,generic,Charleston Road Registry Inc.
166,.book,generic,"Amazon Registry Services, Inc."
167,.booking,generic,Booking.com B.V.
168,.boots,generic,Not assigned
169,.bosch,generic,Robert Bosch GMBH
170,.bostik,generic,Bostik SA
171,.boston,generic,"Boston TLD Management, LLC"
172,.bot,generic,"Amazon Registry Services, Inc."
173,.boutique,generic,"Binky Moon, LLC"
174,.box,generic,NS1 Limited
175,.bq,country-code,Not assigned
176,.br,country-code,Comite Gestor da Internet no Brasil
177,.bradesco,generic,Banco Bradesco S.A.
178,.bridgestone,generic,Bridgestone Corporation
179,.broadway,generic,"Celebrate Broadway, Inc."
180,.broker,generic,DOTBROKER REGISTRY LTD
181,.brother,generic,"Brother Industries, Ltd."
182,.brussels,generic,DNS.be vzw
183,.bs,country-code,University of The Bahamas
184,.bt,country-code,Ministry of Information and Communications
185,.budapest,generic,Minds + Machines Group Limited
186,.bugatti,generic,Bugatti International SA
187,.build,generic,Plan Bee LLC
188,.builders,generic,"Binky Moon, LLC"
189,.business,generic,"Binky Moon, LLC"
190,.buy,generic,"Amazon Registry Services, INC"
191,.buzz,generic,DOTSTRATEGY CO.
192,.bv,country-code,Norid A/S
193,.bw,country-code,Botswana Communications Regulatory Authority (BOCRA)
194,.by,country-code,"Reliable Software, Ltd."
195,.bz,country-code,University of Belize
196,.bzh,generic,Association www.bzh
197,.ca,country-code,Canadian Internet Registration Authority (CIRA) Autorité Canadienne pour les enregistrements Internet (ACEI)
198,.cab,generic,"Binky Moon, LLC"
199,.cafe,generic,"Binky Moon, LLC"
200,.cal,generic,Charleston Road Registry Inc.
201,.call,generic,"Amazon Registry Services, Inc."
202,.calvinklein,generic,PVH gTLD Holdings LLC
203,.cam,generic,AC Webconnecting Holding B.V.
204,.camera,generic,"Binky Moon, LLC"
205,.camp,generic,"Binky Moon, LLC"
206,.cancerresearch,generic,Australian Cancer Research Foundation
207,.canon,generic,Canon Inc.
208,.capetown,generic,ZA Central Registry NPC trading as ZA Central Registry
209,.capital,generic,"Binky Moon, LLC"
210,.capitalone,generic,Capital One Financial Corporation
211,.car,generic,Cars Registry Limited
212,.caravan,generic,"Caravan International, Inc."
213,.cards,generic,"Binky Moon, LLC"
214,.care,generic,"Binky Moon, LLC"
215,.career,generic,dotCareer LLC
216,.careers,generic,"Binky Moon, LLC"
217,.cars,generic,Cars Registry Limited
218,.cartier,generic,Not assigned
219,.casa,generic,Minds + Machines Group Limited
220,.case,generic,CNH Industrial N.V.
221,.caseih,generic,CNH Industrial N.V.
222,.cash,generic,"Binky Moon, LLC"
223,.casino,generic,"Binky Moon, LLC"
224,.cat,sponsored,Fundacio puntCAT
225,.catering,generic,"Binky Moon, LLC"
226,.catholic,generic,Pontificium Consilium de Comunicationibus Socialibus (PCCS) (Pontifical Council for Social Communication)
227,.cba,generic,COMMONWEALTH BANK OF AUSTRALIA
228,.cbn,generic,"The Christian Broadcasting Network, Inc."
229,.cbre,generic,"CBRE, Inc."
230,.cbs,generic,CBS Domains Inc.
231,.cc,country-code,eNIC Cocos (Keeling) Islands Pty.
232,.cd,country-code,Office Congolais des Postes et Télécommunications - OCPT
233,.ceb,generic,The Corporate Executive Board Company
234,.center,generic,"Binky Moon, LLC"
235,.ceo,generic,CEOTLD Pty Ltd
236,.cern,generic,"European Organization for Nuclear Research (""CERN"")"
237,.cf,country-code,Societe Centrafricaine de Telecommunications (SOCATEL)
238,.cfa,generic,CFA Institute
239,.cfd,generic,DOTCFD REGISTRY LTD
240,.cg,country-code,Interpoint Switzerland
241,.ch,country-code,SWITCH The Swiss Education & Research Network
242,.chanel,generic,Chanel International B.V.
243,.channel,generic,Charleston Road Registry Inc.
244,.charity,generic,"Corn Lake, LLC"
245,.chase,generic,"JPMorgan Chase Bank, National Association"
246,.chat,generic,"Binky Moon, LLC"
247,.cheap,generic,"Binky Moon, LLC"
248,.chintai,generic,CHINTAI Corporation
249,.chloe,generic,Not assigned
250,.christmas,generic,"Uniregistry, Corp."
251,.chrome,generic,Charleston Road Registry Inc.
252,.chrysler,generic,Not assigned
253,.church,generic,"Binky Moon, LLC"
254,.ci,country-code,Autorité de Régulation des Télécommunications/TIC de Côte d’lvoire (ARTCI)
255,.cipriani,generic,Hotel Cipriani Srl
256,.circle,generic,"Amazon Registry Services, Inc."
257,.cisco,generic,"Cisco Technology, Inc."
258,.citadel,generic,Citadel Domain LLC
259,.citi,generic,Citigroup Inc.
260,.citic,generic,CITIC Group Corporation
261,.city,generic,"Binky Moon, LLC"
262,.cityeats,generic,"Lifestyle Domain Holdings, Inc."
263,.ck,country-code,Telecom Cook Islands Ltd.
264,.cl,country-code,NIC Chile (University of Chile)
265,.claims,generic,"Binky Moon, LLC"
266,.cleaning,generic,"Binky Moon, LLC"
267,.click,generic,"Uniregistry, Corp."
268,.clinic,generic,"Binky Moon, LLC"
269,.clinique,generic,The Estée Lauder Companies Inc.
270,.clothing,generic,"Binky Moon, LLC"
271,.cloud,generic,ARUBA PEC S.p.A.
272,.club,generic,".CLUB DOMAINS, LLC"
273,.clubmed,generic,Club Méditerranée S.A.
274,.cm,country-code,Cameroon Telecommunications (CAMTEL)
275,.cn,country-code,China Internet Network Information Center (CNNIC)
276,.co,country-code,.CO Internet S.A.S.
277,.coach,generic,"Binky Moon, LLC"
278,.codes,generic,"Binky Moon, LLC"
279,.coffee,generic,"Binky Moon, LLC"
280,.college,generic,XYZ.COM LLC
281,.cologne,generic,dotKoeln GmbH
282,.com,generic,VeriSign Global Registry Services
283,.comcast,generic,"Comcast IP Holdings I, LLC"
284,.commbank,generic,COMMONWEALTH BANK OF AUSTRALIA
285,.community,generic,"Binky Moon, LLC"
286,.company,generic,"Binky Moon, LLC"
287,.compare,generic,"Registry Services, LLC"
288,.computer,generic,"Binky Moon, LLC"
289,.comsec,generic,"VeriSign, Inc."
290,.condos,generic,"Binky Moon, LLC"
291,.construction,generic,"Binky Moon, LLC"
292,.consulting,generic,"United TLD Holdco, LTD."
293,.contact,generic,"Dog Beach, LLC"
294,.contractors,generic,"Binky Moon, LLC"
295,.cooking,generic,Minds + Machines Group Limited
296,.cookingchannel,generic,"Lifestyle Domain Holdings, Inc."
297,.cool,generic,"Binky Moon, LLC"
298,.coop,sponsored,DotCooperation LLC
299,.corsica,generic,Collectivité de Corse
300,.country,generic,Top Level Domain Holdings Limited
301,.coupon,generic,"Amazon Registry Services, Inc."
302,.coupons,generic,"Binky Moon, LLC"
303,.courses,generic,OPEN UNIVERSITIES AUSTRALIA PTY LTD
304,.cpa,generic,American Institute of Certified Public Accountants
305,.cr,country-code,National Academy of Sciences
306,.credit,generic,"Binky Moon, LLC"
307,.creditcard,generic,"Binky Moon, LLC"
308,.creditunion,generic,"CUNA Performance Resources, LLC"
309,.cricket,generic,dot Cricket Limited
310,.crown,generic,Crown Equipment Corporation
311,.crs,generic,Federated Co-operatives Limited
312,.cruise,generic,Viking River Cruises (Bermuda) Ltd.
313,.cruises,generic,"Binky Moon, LLC"
314,.csc,generic,"Alliance-One Services, Inc."
315,.cu,country-code,CENIAInternet
316,.cuisinella,generic,SALM S.A.S.
317,.cv,country-code,Agência Reguladora Multissectorial da Economia (ARME)
318,.cw,country-code,University of Curacao
319,.cx,country-code,Christmas Island Domain Administration Limited
320,.cy,country-code,University of Cyprus
321,.cymru,generic,Nominet UK
322,.cyou,generic,Shortdot SA
323,.cz,country-code,"CZ.NIC, z.s.p.o"
324,.dabur,generic,Dabur India Limited
325,.dad,generic,Charleston Road Registry Inc.
326,.dance,generic,United TLD Holdco Ltd.
327,.data,generic,Dish DBS Corporation
328,.date,generic,dot Date Limited
329,.dating,generic,"Binky Moon, LLC"
330,.datsun,generic,"NISSAN MOTOR CO., LTD."
331,.day,generic,Charleston Road Registry Inc.
332,.dclk,generic,Charleston Road Registry Inc.
333,.dds,generic,Minds + Machines Group Limited
334,.de,country-code,DENIC eG
335,.deal,generic,"Amazon Registry Services, Inc."
336,.dealer,generic,Intercap Registry Inc.
337,.deals,generic,"Binky Moon, LLC"
338,.degree,generic,"United TLD Holdco, Ltd"
339,.delivery,generic,"Binky Moon, LLC"
340,.dell,generic,Dell Inc.
341,.deloitte,generic,Deloitte Touche Tohmatsu
342,.delta,generic,"Delta Air Lines, Inc."
343,.democrat,generic,United TLD Holdco Ltd.
344,.dental,generic,"Binky Moon, LLC"
345,.dentist,generic,"United TLD Holdco, Ltd"
346,.desi,generic,Desi Networks LLC
347,.design,generic,"Top Level Design, LLC"
348,.dev,generic,Charleston Road Registry Inc.
349,.dhl,generic,Deutsche Post AG
350,.diamonds,generic,"Binky Moon, LLC"
351,.diet,generic,"Uniregistry, Corp."
352,.digital,generic,"Binky Moon, LLC"
353,.direct,generic,"Binky Moon, LLC"
354,.directory,generic,"Binky Moon, LLC"
355,.discount,generic,"Binky Moon, LLC"
356,.discover,generic,Discover Financial Services
357,.dish,generic,Dish DBS Corporation
358,.diy,generic,"Lifestyle Domain Holdings, Inc."
359,.dj,country-code,Djibouti Telecom S.A
360,.dk,country-code,Dansk Internet Forum
361,.dm,country-code,DotDM Corporation
362,.dnp,generic,"Dai Nippon Printing Co., Ltd."
363,.do,country-code,Pontificia Universidad Catolica Madre y Maestra
364,.docs,generic,Charleston Road Registry Inc.
365,.doctor,generic,"Binky Moon, LLC"
366,.dodge,generic,Not assigned
367,.dog,generic,"Binky Moon, LLC"
368,.doha,generic,Not assigned
369,.domains,generic,"Binky Moon, LLC"
370,.doosan,generic,Retired
371,.dot,generic,Dish DBS Corporation
372,.download,generic,dot Support Limited
373,.drive,generic,Charleston Road Registry Inc.
374,.dtv,generic,Dish DBS Corporation
375,.dubai,generic,Dubai Smart Government Department
376,.duck,generic,"Johnson Shareholdings, Inc."
377,.dunlop,generic,The Goodyear Tire & Rubber Company
378,.duns,generic,Not assigned
379,.dupont,generic,E. I. du Pont de Nemours and Company
380,.durban,generic,ZA Central Registry NPC trading as ZA Central Registry
381,.dvag,generic,Deutsche Vermögensberatung Aktiengesellschaft DVAG
382,.dvr,generic,Hughes Satellite Systems Corporation
383,.dz,country-code,CERIST
384,.earth,generic,"Interlink Co., Ltd."
385,.eat,generic,Charleston Road Registry Inc.
386,.ec,country-code,ECUADORDOMAIN S.A.
387,.eco,generic,Big Room Inc.
388,.edeka,generic,EDEKA Verband kaufmännischer Genossenschaften e.V.
389,.edu,sponsored,EDUCAUSE
390,.education,generic,"Binky Moon, LLC"
391,.ee,country-code,Eesti Interneti Sihtasutus (EIS)
392,.eg,country-code,Egyptian Universities Network (EUN)
393,.eh,country-code,Not assigned
394,.email,generic,"Binky Moon, LLC"
395,.emerck,generic,Merck KGaA
396,.energy,generic,"Binky Moon, LLC"
397,.engineer,generic,United TLD Holdco Ltd.
398,.engineering,generic,"Binky Moon, LLC"
399,.enterprises,generic,"Binky Moon, LLC"
400,.epost,generic,Not assigned
401,.epson,generic,Seiko Epson Corporation
402,.equipment,generic,"Binky Moon, LLC"
403,.er,country-code,Eritrea Telecommunication Services Corporation (EriTel)
404,.ericsson,generic,Telefonaktiebolaget L M Ericsson
405,.erni,generic,ERNI Group Holding AG
406,.es,country-code,Red.es
407,.esq,generic,Charleston Road Registry Inc.
408,.estate,generic,"Binky Moon, LLC"
409,.esurance,generic,Not assigned
410,.et,country-code,Ethio telecom
411,.etisalat,generic,Emirates Telecommunications Corporation (trading as Etisalat)
412,.eu,country-code,EURid vzw/asbl
413,.eurovision,generic,European Broadcasting Union (EBU)
414,.eus,generic,Puntueus Fundazioa
415,.events,generic,"Binky Moon, LLC"
416,.everbank,generic,Not assigned
417,.exchange,generic,"Binky Moon, LLC"
418,.expert,generic,"Binky Moon, LLC"
419,.exposed,generic,"Binky Moon, LLC"
420,.express,generic,"Binky Moon, LLC"
421,.extraspace,generic,Extra Space Storage LLC
422,.fage,generic,Fage International S.A.
423,.fail,generic,"Binky Moon, LLC"
424,.fairwinds,generic,"FairWinds Partners, LLC"
425,.faith,generic,dot Faith Limited
426,.family,generic,United TLD Holdco Ltd.
427,.fan,generic,Asiamix Digital Ltd
428,.fans,generic,ZDNS International Limited
429,.farm,generic,"Binky Moon, LLC"
430,.farmers,generic,Farmers Insurance Exchange
431,.fashion,generic,Minds + Machines Group Limited
432,.fast,generic,"Amazon Registry Services, Inc."
433,.fedex,generic,Federal Express Corporation
434,.feedback,generic,"Top Level Spectrum, Inc."
435,.ferrari,generic,Fiat Chrysler Automobiles N.V.
436,.ferrero,generic,Ferrero Trading Lux S.A.
437,.fi,country-code,Finnish Transport and Communications Agency Traficom
438,.fiat,generic,Fiat Chrysler Automobiles N.V.
439,.fidelity,generic,Fidelity Brokerage Services LLC
440,.fido,generic,Rogers Communications Canada Inc.
441,.film,generic,Motion Picture Domain Registry Pty Ltd
442,.final,generic,Núcleo de Informação e Coordenação do Ponto BR - NIC.br
443,.finance,generic,"Binky Moon, LLC"
444,.financial,generic,"Binky Moon, LLC"
445,.fire,generic,"Amazon Registry Services, Inc."
446,.firestone,generic,"Bridgestone Licensing Services, Inc."
447,.firmdale,generic,Firmdale Holdings Limited
448,.fish,generic,"Binky Moon, LLC"
449,.fishing,generic,Minds + Machines Group Limited
450,.fit,generic,Minds + Machines Group Limited
451,.fitness,generic,"Binky Moon, LLC"
452,.fj,country-code,The University of the South Pacific
453,.fk,country-code,Falkland Islands Government
454,.flickr,generic,Yahoo! Domain Services Inc.
455,.flights,generic,"Binky Moon, LLC"
456,.flir,generic,"FLIR Systems, Inc."
457,.florist,generic,"Binky Moon, LLC"
458,.flowers,generic,"Uniregistry, Corp."
459,.flsmidth,generic,Retired
460,.fly,generic,Charleston Road Registry Inc.
461,.fm,country-code,FSM Telecommunications Corporation
462,.fo,country-code,FO Council
463,.foo,generic,Charleston Road Registry Inc.
464,.food,generic,"Lifestyle Domain Holdings, Inc."
465,.foodnetwork,generic,"Lifestyle Domain Holdings, Inc."
466,.football,generic,"Binky Moon, LLC"
467,.ford,generic,Ford Motor Company
468,.forex,generic,DOTFOREX REGISTRY LTD
469,.forsale,generic,"United TLD Holdco, LLC"
470,.forum,generic,"Fegistry, LLC"
471,.foundation,generic,"Binky Moon, LLC"
472,.fox,generic,"FOX Registry, LLC"
473,.fr,country-code,Association Française pour le Nommage Internet en Coopération (A.F.N.I.C.)
474,.free,generic,"Amazon Registry Services, Inc."
475,.fresenius,generic,Fresenius Immobilien-Verwaltungs-GmbH
476,.frl,generic,FRLregistry B.V.
477,.frogans,generic,OP3FT
478,.frontdoor,generic,"Lifestyle Domain Holdings, Inc."
479,.frontier,generic,Frontier Communications Corporation
480,.ftr,generic,Frontier Communications Corporation
481,.fujitsu,generic,Fujitsu Limited
482,.fujixerox,generic,Xerox DNHC LLC
483,.fun,generic,"DotSpace, Inc."
484,.fund,generic,"Binky Moon, LLC"
485,.furniture,generic,"Binky Moon, LLC"
486,.futbol,generic,"United TLD Holdco, Ltd."
487,.fyi,generic,"Binky Moon, LLC"
488,.ga,country-code,Agence Nationale des Infrastructures Numériques et des Fréquences (ANINF)
489,.gal,generic,Asociación puntoGAL
490,.gallery,generic,"Binky Moon, LLC"
491,.gallo,generic,"Gallo Vineyards, Inc."
492,.gallup,generic,"Gallup, Inc."
493,.game,generic,"Uniregistry, Corp."
494,.games,generic,United TLD Holdco Ltd.
495,.gap,generic,"The Gap, Inc."
496,.garden,generic,Minds + Machines Group Limited
497,.gay,generic,"Top Level Design, LLC"
498,.gb,country-code,Reserved Domain - IANA
499,.gbiz,generic,Charleston Road Registry Inc.
500,.gd,country-code,The National Telecommunications Regulatory Commission (NTRC)
501,.gdn,generic,"Joint Stock Company ""Navigation-information systems"""
502,.ge,country-code,Caucasus Online LLC
503,.gea,generic,GEA Group Aktiengesellschaft
504,.gent,generic,Combell nv
505,.genting,generic,Resorts World Inc. Pte. Ltd.
506,.george,generic,"Wal-Mart Stores, Inc."
507,.gf,country-code,Net Plus
508,.gg,country-code,Island Networks Ltd.
509,.ggee,generic,"GMO Internet, Inc."
510,.gh,country-code,Network Computer Systems Limited
511,.gi,country-code,Sapphire Networks
512,.gift,generic,"Uniregistry, Corp."
513,.gifts,generic,"Binky Moon, LLC"
514,.gives,generic,United TLD Holdco Ltd.
515,.giving,generic,Giving Limited
516,.gl,country-code,TELE Greenland A/S
517,.glade,generic,"Johnson Shareholdings, Inc."
518,.glass,generic,"Binky Moon, LLC"
519,.gle,generic,Charleston Road Registry Inc.
520,.global,generic,Dot Global Domain Registry Limited
521,.globo,generic,Globo Comunicação e Participações S.A
522,.gm,country-code,GM-NIC
523,.gmail,generic,Charleston Road Registry Inc.
524,.gmbh,generic,"Binky Moon, LLC"
525,.gmo,generic,"GMO Internet, Inc."
526,.gmx,generic,1&1 Mail & Media GmbH
527,.gn,country-code,Centre National des Sciences Halieutiques de Boussoura
528,.godaddy,generic,"Go Daddy East, LLC"
529,.gold,generic,"Binky Moon, LLC"
530,.goldpoint,generic,"YODOBASHI CAMERA CO.,LTD."
531,.golf,generic,"Binky Moon, LLC"
532,.goo,generic,NTT Resonant Inc.
533,.goodhands,generic,Not assigned
534,.goodyear,generic,The Goodyear Tire & Rubber Company
535,.goog,generic,Charleston Road Registry Inc.
536,.google,generic,Charleston Road Registry Inc.
537,.gop,generic,"Republican State Leadership Committee, Inc."
538,.got,generic,"Amazon Registry Services, Inc."
539,.gov,sponsored,General Services Administration
540,.gp,country-code,Networking Technologies Group
541,.gq,country-code,GETESA
542,.gr,country-code,ICS-FORTH GR
543,.grainger,generic,"Grainger Registry Services, LLC"
544,.graphics,generic,"Binky Moon, LLC"
545,.gratis,generic,"Binky Moon, LLC"
546,.green,generic,Afilias Limited
547,.gripe,generic,"Binky Moon, LLC"
548,.grocery,generic,"Wal-Mart Stores, Inc."
549,.group,generic,"Binky Moon, LLC"
550,.gs,country-code,Government of South Georgia and South Sandwich Islands (GSGSSI)
551,.gt,country-code,Universidad del Valle de Guatemala
552,.gu,country-code,University of Guam
553,.guardian,generic,The Guardian Life Insurance Company of America
554,.gucci,generic,Guccio Gucci S.p.a.
555,.guge,generic,Charleston Road Registry Inc.
556,.guide,generic,"Binky Moon, LLC"
557,.guitars,generic,"Uniregistry, Corp."
558,.guru,generic,"Binky Moon, LLC"
559,.gw,country-code,Autoridade Reguladora Nacional - Tecnologias de Informação e Comunicação da Guiné-Bissau
560,.gy,country-code,University of Guyana
561,.hair,generic,L'Oreal
562,.hamburg,generic,Hamburg Top-Level-Domain GmbH
563,.hangout,generic,Charleston Road Registry Inc.
564,.haus,generic,"United TLD Holdco, LTD."
565,.hbo,generic,"HBO Registry Services, Inc."
566,.hdfc,generic,HOUSING DEVELOPMENT FINANCE CORPORATION LIMITED
567,.hdfcbank,generic,HDFC Bank Limited
568,.health,generic,"DotHealth, LLC"
569,.healthcare,generic,"Binky Moon, LLC"
570,.help,generic,"Uniregistry, Corp."
571,.helsinki,generic,City of Helsinki
572,.here,generic,Charleston Road Registry Inc.
573,.hermes,generic,Hermes International
574,.hgtv,generic,"Lifestyle Domain Holdings, Inc."
575,.hiphop,generic,"Uniregistry, Corp."
576,.hisamitsu,generic,"Hisamitsu Pharmaceutical Co.,Inc."
577,.hitachi,generic,"Hitachi, Ltd."
578,.hiv,generic,"Uniregistry, Corp."
579,.hk,country-code,Hong Kong Internet Registration Corporation Ltd.
580,.hkt,generic,PCCW-HKT DataCom Services Limited
581,.hm,country-code,HM Domain Registry
582,.hn,country-code,Red de Desarrollo Sostenible Honduras
583,.hockey,generic,"Binky Moon, LLC"
584,.holdings,generic,"Binky Moon, LLC"
585,.holiday,generic,"Binky Moon, LLC"
586,.homedepot,generic,"Home Depot Product Authority, LLC"
587,.homegoods,generic,"The TJX Companies, Inc."
588,.homes,generic,"DERHomes, LLC"
589,.homesense,generic,"The TJX Companies, Inc."
590,.honda,generic,"Honda Motor Co., Ltd."
591,.honeywell,generic,Not assigned
592,.horse,generic,Minds + Machines Group Limited
593,.hospital,generic,"Binky Moon, LLC"
594,.host,generic,DotHost Inc.
595,.hosting,generic,"Uniregistry, Corp."
596,.hot,generic,"Amazon Registry Services, Inc."
597,.hoteles,generic,Travel Reservations SRL
598,.hotels,generic,Booking.com B.V.
599,.hotmail,generic,Microsoft Corporation
600,.house,generic,"Binky Moon, LLC"
601,.how,generic,Charleston Road Registry Inc.
602,.hr,country-code,CARNet - Croatian Academic and Research Network
603,.hsbc,generic,HSBC Global Services (UK) Limited
604,.ht,country-code,Consortium FDS/RDDH
605,.htc,generic,Not assigned
606,.hu,country-code,Council of Hungarian Internet Providers (CHIP)
607,.hughes,generic,Hughes Satellite Systems Corporation
608,.hyatt,generic,"Hyatt GTLD, L.L.C."
609,.hyundai,generic,Hyundai Motor Company
610,.ibm,generic,International Business Machines Corporation
611,.icbc,generic,Industrial and Commercial Bank of China Limited
612,.ice,generic,"IntercontinentalExchange, Inc."
613,.icu,generic,Shortdot SA
614,.id,country-code,Perkumpulan Pengelola Nama Domain Internet Indonesia (PANDI)
615,.ie,country-code,University College Dublin
616,.ieee,generic,IEEE Global LLC
617,.ifm,generic,ifm electronic gmbh
618,.iinet,generic,Retired
619,.ikano,generic,Ikano S.A.
620,.il,country-code,Internet Society of Israel
621,.im,country-code,Isle of Man Government
622,.imamat,generic,Fondation Aga Khan (Aga Khan Foundation)
623,.imdb,generic,"Amazon Registry Services, Inc."
624,.immo,generic,"Binky Moon, LLC"
625,.immobilien,generic,United TLD Holdco Ltd.
626,.in,country-code,National Internet Exchange of India
627,.inc,generic,Intercap Holdings Inc.
628,.industries,generic,"Binky Moon, LLC"
629,.infiniti,generic,"NISSAN MOTOR CO., LTD."
630,.info,generic,Afilias Limited
631,.ing,generic,Charleston Road Registry Inc.
632,.ink,generic,"Top Level Design, LLC"
633,.institute,generic,"Binky Moon, LLC"
634,.insurance,generic,fTLD Registry Services LLC
635,.insure,generic,"Binky Moon, LLC"
636,.int,sponsored,Internet Assigned Numbers Authority
637,.intel,generic,Intel Corporation
638,.international,generic,"Binky Moon, LLC"
639,.intuit,generic,"Intuit Administrative Services, Inc."
640,.investments,generic,"Binky Moon, LLC"
641,.io,country-code,Internet Computer Bureau Limited
642,.ipiranga,generic,Ipiranga Produtos de Petroleo S.A.
643,.iq,country-code,Communications and Media Commission (CMC)
644,.ir,country-code,Institute for Research in Fundamental Sciences
645,.irish,generic,"Binky Moon, LLC"
646,.is,country-code,ISNIC - Internet Iceland ltd.
647,.iselect,generic,Not assigned
648,.ismaili,generic,Fondation Aga Khan (Aga Khan Foundation)
649,.ist,generic,Istanbul Metropolitan Municipality
650,.istanbul,generic,Istanbul Metropolitan Municipality
651,.it,country-code,IIT - CNR
652,.itau,generic,Itau Unibanco Holding S.A.
653,.itv,generic,ITV Services Limited
654,.iveco,generic,CNH Industrial N.V.
655,.iwc,generic,Not assigned
656,.jaguar,generic,Jaguar Land Rover Ltd
657,.java,generic,Oracle Corporation
658,.jcb,generic,"JCB Co., Ltd."
659,.jcp,generic,"JCP Media, Inc."
660,.je,country-code,Island Networks (Jersey) Ltd.
661,.jeep,generic,FCA US LLC.
662,.jetzt,generic,"Binky Moon, LLC"
663,.jewelry,generic,"Binky Moon, LLC"
664,.jio,generic,"Affinity Names, Inc."
665,.jlc,generic,Not assigned
666,.jll,generic,Jones Lang LaSalle Incorporated
667,.jm,country-code,University of West Indies
668,.jmp,generic,Matrix IP LLC
669,.jnj,generic,"Johnson & Johnson Services, Inc."
670,.jo,country-code,National Information Technology Center (NITC)
671,.jobs,sponsored,Employ Media LLC
672,.joburg,generic,ZA Central Registry NPC trading as ZA Central Registry
673,.jot,generic,"Amazon Registry Services, Inc."
674,.joy,generic,"Amazon Registry Services, Inc."
675,.jp,country-code,"Japan Registry Services Co., Ltd."
676,.jpmorgan,generic,"JPMorgan Chase Bank, National Association"
677,.jprs,generic,"Japan Registry Services Co., Ltd."
678,.juegos,generic,"Uniregistry, Corp."
679,.juniper,generic,"JUNIPER NETWORKS, INC."
680,.kaufen,generic,United TLD Holdco Ltd.
681,.kddi,generic,KDDI CORPORATION
682,.ke,country-code,Kenya Network Information Center (KeNIC)
683,.kerryhotels,generic,Kerry Trading Co. Limited
684,.kerrylogistics,generic,Kerry Trading Co. Limited
685,.kerryproperties,generic,Kerry Trading Co. Limited
686,.kfh,generic,Kuwait Finance House
687,.kg,country-code,AsiaInfo Telecommunication Enterprise
688,.kh,country-code,Telecommunication Regulator of Cambodia (TRC)
689,.ki,country-code,"Ministry of Communications, Transport, and Tourism Development"
690,.kia,generic,KIA MOTORS CORPORATION
691,.kim,generic,Afilias Limited
692,.kinder,generic,Ferrero Trading Lux S.A.
693,.kindle,generic,"Amazon Registry Services, Inc."
694,.kitchen,generic,"Binky Moon, LLC"
695,.kiwi,generic,DOT KIWI LIMITED
696,.km,country-code,Comores Telecom
697,.kn,country-code,"Ministry of Finance, Sustainable Development Information & Technology"
698,.koeln,generic,dotKoeln GmbH
699,.komatsu,generic,Komatsu Ltd.
700,.kosher,generic,Kosher Marketing Assets LLC
701,.kp,country-code,Star Joint Venture Company
702,.kpmg,generic,KPMG International Cooperative (KPMG International Genossenschaft)
703,.kpn,generic,Koninklijke KPN N.V.
704,.kr,country-code,Korea Internet & Security Agency (KISA)
705,.krd,generic,KRG Department of Information Technology
706,.kred,generic,KredTLD Pty Ltd
707,.kuokgroup,generic,Kerry Trading Co. Limited
708,.kw,country-code,Communications and Information Technology Regulatory Authority
709,.ky,country-code,Utility Regulation and Competition Office (OfReg)
710,.kyoto,generic,Academic Institution: Kyoto Jyoho Gakuen
711,.kz,country-code,Association of IT Companies of Kazakhstan
712,.la,country-code,"Lao National Internet Committee (LANIC), Ministry of Posts and Telecommunications"
713,.lacaixa,generic,CAIXA D'ESTALVIS I PENSIONS DE BARCELONA
714,.ladbrokes,generic,Not assigned
715,.lamborghini,generic,Automobili Lamborghini S.p.A.
716,.lamer,generic,The Estée Lauder Companies Inc.
717,.lancaster,generic,LANCASTER
718,.lancia,generic,Fiat Chrysler Automobiles N.V.
719,.lancome,generic,Not assigned
720,.land,generic,"Binky Moon, LLC"
721,.landrover,generic,Jaguar Land Rover Ltd
722,.lanxess,generic,LANXESS Corporation
723,.lasalle,generic,Jones Lang LaSalle Incorporated
724,.lat,generic,ECOM-LAC Federación de Latinoamérica y el Caribe para Internet y el Comercio Electrónico
725,.latino,generic,Dish DBS Corporation
726,.latrobe,generic,La Trobe University
727,.law,generic,LW TLD Limited
728,.lawyer,generic,"United TLD Holdco, Ltd"
729,.lb,country-code,American University of Beirut
730,.lc,country-code,University of Puerto Rico
731,.lds,generic,"IRI Domain Management, LLC"
732,.lease,generic,"Binky Moon, LLC"
733,.leclerc,generic,A.C.D. LEC Association des Centres Distributeurs Edouard Leclerc
734,.lefrak,generic,"LeFrak Organization, Inc."
735,.legal,generic,"Binky Moon, LLC"
736,.lego,generic,LEGO Juris A/S
737,.lexus,generic,TOYOTA MOTOR CORPORATION
738,.lgbt,generic,Afilias Limited
739,.li,country-code,SWITCH The Swiss Education & Research Network
740,.liaison,generic,Not assigned
741,.lidl,generic,Schwarz Domains und Services GmbH & Co. KG
742,.life,generic,"Binky Moon, LLC"
743,.lifeinsurance,generic,American Council of Life Insurers
744,.lifestyle,generic,"Lifestyle Domain Holdings, Inc."
745,.lighting,generic,"Binky Moon, LLC"
746,.like,generic,"Amazon Registry Services, Inc."
747,.lilly,generic,Eli Lilly and Company
748,.limited,generic,"Binky Moon, LLC"
749,.limo,generic,"Binky Moon, LLC"
750,.lincoln,generic,Ford Motor Company
751,.linde,generic,Linde Aktiengesellschaft
752,.link,generic,"Uniregistry, Corp."
753,.lipsy,generic,Lipsy Ltd
754,.live,generic,United TLD Holdco Ltd.
755,.living,generic,"Lifestyle Domain Holdings, Inc."
756,.lixil,generic,LIXIL Group Corporation
757,.lk,country-code,Council for Information Technology
758,.llc,generic,Afilias Limited
759,.llp,generic,Dot Registry LLC
760,.loan,generic,dot Loan Limited
761,.loans,generic,"Binky Moon, LLC"
762,.locker,generic,Dish DBS Corporation
763,.locus,generic,Locus Analytics LLC
764,.loft,generic,"Annco, Inc."
765,.lol,generic,"Uniregistry, Corp."
766,.london,generic,Dot London Domains Limited
767,.lotte,generic,"Lotte Holdings Co., Ltd."
768,.lotto,generic,Afilias Limited
769,.love,generic,Merchant Law Group LLP
770,.lpl,generic,"LPL Holdings, Inc."
771,.lplfinancial,generic,"LPL Holdings, Inc."
772,.lr,country-code,"Data Technology Solutions, Inc."
773,.ls,country-code,Lesotho Network Information Centre Proprietary (LSNIC)
774,.lt,country-code,Kaunas University of Technology
775,.ltd,generic,"Binky Moon, LLC"
776,.ltda,generic,InterNetX Corp.
777,.lu,country-code,RESTENA
778,.lundbeck,generic,H. Lundbeck A/S
779,.lupin,generic,LUPIN LIMITED
780,.luxe,generic,Minds + Machines Group Limited
781,.luxury,generic,Luxury Partners LLC
782,.lv,country-code,University of Latvia
783,.ly,country-code,General Post and Telecommunication Company
784,.ma,country-code,Agence Nationale de Réglementation des Télécommunications (ANRT)
785,.macys,generic,"Macys, Inc."
786,.madrid,generic,Comunidad de Madrid
787,.maif,generic,Mutuelle Assurance Instituteur France (MAIF)
788,.maison,generic,"Binky Moon, LLC"
789,.makeup,generic,L'Oréal
790,.man,generic,MAN SE
791,.management,generic,"Binky Moon, LLC"
792,.mango,generic,PUNTO FA S.L.
793,.map,generic,Charleston Road Registry Inc.
794,.market,generic,"United TLD Holdco, Ltd"
795,.marketing,generic,"Binky Moon, LLC"
796,.markets,generic,DOTMARKETS REGISTRY LTD
797,.marriott,generic,Marriott Worldwide Corporation
798,.marshalls,generic,"The TJX Companies, Inc."
799,.maserati,generic,Fiat Chrysler Automobiles N.V.
800,.mattel,generic,"Mattel Sites, Inc."
801,.mba,generic,"Binky Moon, LLC"
802,.mc,country-code,Gouvernement de Monaco
803,.mcd,generic,Not assigned
804,.mcdonalds,generic,Not assigned
805,.mckinsey,generic,"McKinsey Holdings, Inc."
806,.md,country-code,MoldData S.E.
807,.me,country-code,Government of Montenegro
808,.med,generic,Medistry LLC
809,.media,generic,"Binky Moon, LLC"
810,.meet,generic,Charleston Road Registry Inc.
811,.melbourne,generic,"The Crown in right of the State of Victoria, represented by its Department of State Development, Business and Innovation"
812,.meme,generic,Charleston Road Registry Inc.
813,.memorial,generic,"Dog Beach, LLC"
814,.men,generic,Exclusive Registry Limited
815,.menu,generic,"Wedding TLD2, LLC"
816,.meo,generic,Not assigned
817,.merckmsd,generic,"MSD Registry Holdings, Inc."
818,.metlife,generic,"MetLife Services and Solutions, LLC"
819,.mf,country-code,Not assigned
820,.mg,country-code,NIC-MG (Network Information Center Madagascar)
821,.mh,country-code,Office of the Cabinet
822,.miami,generic,Minds + Machines Group Limited
823,.microsoft,generic,Microsoft Corporation
824,.mil,sponsored,DoD Network Information Center
825,.mini,generic,Bayerische Motoren Werke Aktiengesellschaft
826,.mint,generic,"Intuit Administrative Services, Inc."
827,.mit,generic,Massachusetts Institute of Technology
828,.mitsubishi,generic,Mitsubishi Corporation
829,.mk,country-code,Macedonian Academic Research Network Skopje
830,.ml,country-code,Agence des Technologies de l’Information et de la Communication
831,.mlb,generic,"MLB Advanced Media DH, LLC"
832,.mls,generic,The Canadian Real Estate Association
833,.mm,country-code,Ministry of Transport and Communications
834,.mma,generic,MMA IARD
835,.mn,country-code,"Datacom Co., Ltd."
836,.mo,country-code,Macao Post and Telecommunications Bureau (CTT)
837,.mobi,generic,Afilias Technologies Limited dba dotMobi
838,.mobile,generic,Dish DBS Corporation
839,.mobily,generic,Not assigned
840,.moda,generic,United TLD Holdco Ltd.
841,.moe,generic,"Interlink Co., Ltd."
842,.moi,generic,"Amazon Registry Services, Inc."
843,.mom,generic,"Uniregistry, Corp."
844,.monash,generic,Monash University
845,.money,generic,"Binky Moon, LLC"
846,.monster,generic,XYZ.COM LLC
847,.montblanc,generic,Not assigned
848,.mopar,generic,Not assigned
849,.mormon,generic,"IRI Domain Management, LLC (""Applicant"")"
850,.mortgage,generic,"United TLD Holdco, Ltd"
851,.moscow,generic,Foundation for Assistance for Internet Technologies and Infrastructure Development (FAITID)
852,.moto,generic,"Motorola Trademark Holdings, LLC"
853,.motorcycles,generic,"DERMotorcycles, LLC"
854,.mov,generic,Charleston Road Registry Inc.
855,.movie,generic,"Binky Moon, LLC"
856,.movistar,generic,Not assigned
857,.mp,country-code,"Saipan Datacom, Inc."
858,.mq,country-code,MEDIASERV
859,.mr,country-code,Université de Nouakchott Al Aasriya
860,.ms,country-code,MNI Networks Ltd.
861,.msd,generic,"MSD Registry Holdings, Inc."
862,.mt,country-code,NIC (Malta)
863,.mtn,generic,MTN Dubai Limited
864,.mtpc,generic,Retired
865,.mtr,generic,MTR Corporation Limited
866,.mu,country-code,Internet Direct Ltd
867,.museum,sponsored,Museum Domain Management Association
868,.mutual,generic,"Northwestern Mutual MU TLD Registry, LLC"
869,.mutuelle,generic,Retired
870,.mv,country-code,Dhiraagu Pvt. Ltd. (DHIVEHINET)
871,.mw,country-code,Malawi Sustainable Development Network Programme
872,.mx,country-code,NIC-Mexico
873,.my,country-code,MYNIC Berhad
874,.mz,country-code,Centro de Informatica de Universidade Eduardo Mondlane
875,.na,country-code,Namibian Network Information Center
876,.nab,generic,National Australia Bank Limited
877,.nadex,generic,Not assigned
878,.nagoya,generic,"GMO Registry, Inc."
879,.name,generic-restricted,"VeriSign Information Services, Inc."
880,.nationwide,generic,Nationwide Mutual Insurance Company
881,.natura,generic,NATURA COSMÉTICOS S.A.
882,.navy,generic,United TLD Holdco Ltd.
883,.nba,generic,"NBA REGISTRY, LLC"
884,.nc,country-code,Office des Postes et Telecommunications
885,.ne,country-code,SONITEL
886,.nec,generic,NEC Corporation
887,.net,generic,VeriSign Global Registry Services
888,.netbank,generic,COMMONWEALTH BANK OF AUSTRALIA
889,.netflix,generic,"Netflix, Inc."
890,.network,generic,"Binky Moon, LLC"
891,.neustar,generic,"NeuStar, Inc."
892,.new,generic,Charleston Road Registry Inc.
893,.newholland,generic,CNH Industrial N.V.
894,.news,generic,United TLD Holdco Ltd.
895,.next,generic,Next plc
896,.nextdirect,generic,Next plc
897,.nexus,generic,Charleston Road Registry Inc.
898,.nf,country-code,Norfolk Island Data Services
899,.nfl,generic,NFL Reg Ops LLC
900,.ng,country-code,Nigeria Internet Registration Association
901,.ngo,generic,Public Interest Registry
902,.nhk,generic,Japan Broadcasting Corporation (NHK)
903,.ni,country-code,Universidad Nacional del Ingernieria
904,.nico,generic,"DWANGO Co., Ltd."
905,.nike,generic,"NIKE, Inc."
906,.nikon,generic,NIKON CORPORATION
907,.ninja,generic,United TLD Holdco Ltd.
908,.nissan,generic,"NISSAN MOTOR CO., LTD."
909,.nissay,generic,Nippon Life Insurance Company
910,.nl,country-code,SIDN (Stichting Internet Domeinregistratie Nederland)
911,.no,country-code,Norid A/S
912,.nokia,generic,Nokia Corporation
913,.northwesternmutual,generic,"Northwestern Mutual Registry, LLC"
914,.norton,generic,Symantec Corporation
915,.now,generic,"Amazon Registry Services, Inc."
916,.nowruz,generic,Asia Green IT System Bilgisayar San. ve Tic. Ltd. Sti.
917,.nowtv,generic,Starbucks (HK) Limited
918,.np,country-code,Mercantile Communications Pvt. Ltd.
919,.nr,country-code,CENPAC NET
920,.nra,generic,"NRA Holdings Company, INC."
921,.nrw,generic,Minds + Machines GmbH
922,.ntt,generic,NIPPON TELEGRAPH AND TELEPHONE CORPORATION
923,.nu,country-code,The IUSN Foundation
924,.nyc,generic,The City of New York by and through the New York City Department of Information Technology & Telecommunications
925,.nz,country-code,InternetNZ
926,.obi,generic,OBI Group Holding SE & Co. KGaA
927,.observer,generic,"Top Level Spectrum, Inc."
928,.off,generic,"Johnson Shareholdings, Inc."
929,.office,generic,Microsoft Corporation
930,.okinawa,generic,"BRregistry, Inc."
931,.olayan,generic,Crescent Holding GmbH
932,.olayangroup,generic,Crescent Holding GmbH
933,.oldnavy,generic,"The Gap, Inc."
934,.ollo,generic,Dish DBS Corporation
935,.om,country-code,Telecommunications Regulatory Authority (TRA)
936,.omega,generic,The Swatch Group Ltd
937,.one,generic,One.com A/S
938,.ong,generic,Public Interest Registry
939,.onl,generic,"I-REGISTRY Ltd., Niederlassung Deutschland"
940,.online,generic,DotOnline Inc.
941,.onyourside,generic,Nationwide Mutual Insurance Company
942,.ooo,generic,INFIBEAM INCORPORATION LIMITED
943,.open,generic,"American Express Travel Related Services Company, Inc."
944,.oracle,generic,Oracle Corporation
945,.orange,generic,Orange Brand Services Limited
946,.org,generic,Public Interest Registry (PIR)
947,.organic,generic,Afilias Limited
948,.orientexpress,generic,Retired
949,.origins,generic,The Estée Lauder Companies Inc.
950,.osaka,generic,"Osaka Registry Co., Ltd."
951,.otsuka,generic,"Otsuka Holdings Co., Ltd."
952,.ott,generic,Dish DBS Corporation
953,.ovh,generic,OVH SAS
954,.pa,country-code,Universidad Tecnologica de Panama
955,.page,generic,Charleston Road Registry Inc.
956,.pamperedchef,generic,Not assigned
957,.panasonic,generic,Panasonic Corporation
958,.panerai,generic,Not assigned
959,.paris,generic,City of Paris
960,.pars,generic,Asia Green IT System Bilgisayar San. ve Tic. Ltd. Sti.
961,.partners,generic,"Binky Moon, LLC"
962,.parts,generic,"Binky Moon, LLC"
963,.party,generic,Blue Sky Registry Limited
964,.passagens,generic,Travel Reservations SRL
965,.pay,generic,"Amazon Registry Services, Inc."
966,.pccw,generic,PCCW Enterprises Limited
967,.pe,country-code,Red Cientifica Peruana
968,.pet,generic,Afilias Limited
969,.pf,country-code,Gouvernement de la Polynésie française
970,.pfizer,generic,Pfizer Inc.
971,.pg,country-code,PNG DNS Administration
972,.ph,country-code,PH Domain Foundation
973,.pharmacy,generic,National Association of Boards of Pharmacy
974,.phd,generic,Charleston Road Registry Inc.
975,.philips,generic,Koninklijke Philips N.V.
976,.phone,generic,Dish DBS Corporation
977,.photo,generic,"Uniregistry, Corp."
978,.photography,generic,"Binky Moon, LLC"
979,.photos,generic,"Binky Moon, LLC"
980,.physio,generic,PhysBiz Pty Ltd
981,.piaget,generic,Not assigned
982,.pics,generic,"Uniregistry, Corp."
983,.pictet,generic,Pictet Europe S.A.
984,.pictures,generic,"Binky Moon, LLC"
985,.pid,generic,"Top Level Spectrum, Inc."
986,.pin,generic,"Amazon Registry Services, Inc."
987,.ping,generic,"Ping Registry Provider, Inc."
988,.pink,generic,Afilias Limited
989,.pioneer,generic,Pioneer Corporation
990,.pizza,generic,"Binky Moon, LLC"
991,.pk,country-code,PKNIC
992,.pl,country-code,Research and Academic Computer Network
993,.place,generic,"Binky Moon, LLC"
994,.play,generic,Charleston Road Registry Inc.
995,.playstation,generic,Sony Computer Entertainment Inc.
996,.plumbing,generic,"Binky Moon, LLC"
997,.plus,generic,"Binky Moon, LLC"
998,.pm,country-code,Association Française pour le Nommage Internet en Coopération (A.F.N.I.C.)
999,.pn,country-code,Pitcairn Island Administration
1000,.pnc,generic,"PNC Domain Co., LLC"
1001,.pohl,generic,Deutsche Vermögensberatung Aktiengesellschaft DVAG
1002,.poker,generic,Afilias Limited
1003,.politie,generic,Politie Nederland
1004,.porn,generic,ICM Registry PN LLC
1005,.post,sponsored,Universal Postal Union
1006,.pr,country-code,Gauss Research Laboratory Inc.
1007,.pramerica,generic,"Prudential Financial, Inc."
1008,.praxi,generic,Praxi S.p.A.
1009,.press,generic,DotPress Inc.
1010,.prime,generic,"Amazon Registry Services, Inc."
1011,.pro,generic-restricted,Afilias Limited
1012,.prod,generic,Charleston Road Registry Inc.
1013,.productions,generic,"Binky Moon, LLC"
1014,.prof,generic,Charleston Road Registry Inc.
1015,.progressive,generic,Progressive Casualty Insurance Company
1016,.promo,generic,Afilias Limited
1017,.properties,generic,"Binky Moon, LLC"
1018,.property,generic,"Uniregistry, Corp."
1019,.protection,generic,XYZ.COM LLC
1020,.pru,generic,"Prudential Financial, Inc."
1021,.prudential,generic,"Prudential Financial, Inc."
1022,.ps,country-code,Ministry Of Telecommunications &
1023,.pt,country-code,Associação DNS.PT
1024,.pub,generic,United TLD Holdco Ltd.
1025,.pw,country-code,Micronesia Investment and Development Corporation
1026,.pwc,generic,PricewaterhouseCoopers LLP
1027,.py,country-code,NIC-PY
1028,.qa,country-code,Communications Regulatory Authority
1029,.qpon,generic,"dotCOOL, Inc."
1030,.quebec,generic,PointQuébec Inc
1031,.quest,generic,XYZ.COM LLC
1032,.qvc,generic,"QVC, Inc."
1033,.racing,generic,Premier Registry Limited
1034,.radio,generic,European Broadcasting Union (EBU)
1035,.raid,generic,"Johnson Shareholdings, Inc."
1036,.re,country-code,Association Française pour le Nommage Internet en Coopération (A.F.N.I.C.)
1037,.read,generic,"Amazon Registry Services, Inc."
1038,.realestate,generic,dotRealEstate LLC
1039,.realtor,generic,Real Estate Domains LLC
1040,.realty,generic,"Fegistry, LLC"
1041,.recipes,generic,"Binky Moon, LLC"
1042,.red,generic,Afilias Limited
1043,.redstone,generic,"Redstone Haute Couture Co., Ltd."
1044,.redumbrella,generic,"Travelers TLD, LLC"
1045,.rehab,generic,United TLD Holdco Ltd.
1046,.reise,generic,"Binky Moon, LLC"
1047,.reisen,generic,"Binky Moon, LLC"
1048,.reit,generic,"National Association of Real Estate Investment Trusts, Inc."
1049,.reliance,generic,Reliance Industries Limited
1050,.ren,generic,ZDNS International Limited
1051,.rent,generic,XYZ.COM LLC
1052,.rentals,generic,"Binky Moon, LLC"
1053,.repair,generic,"Binky Moon, LLC"
1054,.report,generic,"Binky Moon, LLC"
1055,.republican,generic,United TLD Holdco Ltd.
1056,.rest,generic,Punto 2012 Sociedad Anonima Promotora de Inversion de Capital Variable
1057,.restaurant,generic,"Binky Moon, LLC"
1058,.review,generic,dot Review Limited
1059,.reviews,generic,"United TLD Holdco, Ltd."
1060,.rexroth,generic,Robert Bosch GMBH
1061,.rich,generic,"I-REGISTRY Ltd., Niederlassung Deutschland"
1062,.richardli,generic,Pacific Century Asset Management (HK) Limited
1063,.ricoh,generic,"Ricoh Company, Ltd."
1064,.rightathome,generic,"Johnson Shareholdings, Inc."
1065,.ril,generic,Reliance Industries Limited
1066,.rio,generic,Empresa Municipal de Informática SA - IPLANRIO
1067,.rip,generic,United TLD Holdco Ltd.
1068,.rmit,generic,Royal Melbourne Institute of Technology
1069,.ro,country-code,National Institute for R&D in Informatics
1070,.rocher,generic,Ferrero Trading Lux S.A.
1071,.rocks,generic,"United TLD Holdco, LTD."
1072,.rodeo,generic,Minds + Machines Group Limited
1073,.rogers,generic,Rogers Communications Canada Inc.
1074,.room,generic,"Amazon Registry Services, Inc."
1075,.rs,country-code,Serbian National Internet Domain Registry (RNIDS)
1076,.rsvp,generic,Charleston Road Registry Inc.
1077,.ru,country-code,Coordination Center for TLD RU
1078,.rugby,generic,World Rugby Strategic Developments Limited
1079,.ruhr,generic,regiodot GmbH & Co. KG
1080,.run,generic,"Binky Moon, LLC"
1081,.rw,country-code,Rwanda Internet Community and Technology  Alliance (RICTA) Ltd
1082,.rwe,generic,RWE AG
1083,.ryukyu,generic,"BRregistry, Inc."
1084,.sa,country-code,Communications and Information Technology Commission
1085,.saarland,generic,dotSaarland GmbH
1086,.safe,generic,"Amazon Registry Services, Inc."
1087,.safety,generic,"Safety Registry Services, LLC."
1088,.sakura,generic,SAKURA Internet Inc.
1089,.sale,generic,"United TLD Holdco, Ltd"
1090,.salon,generic,"Binky Moon, LLC"
1091,.samsclub,generic,"Wal-Mart Stores, Inc."
1092,.samsung,generic,"SAMSUNG SDS CO., LTD"
1093,.sandvik,generic,Sandvik AB
1094,.sandvikcoromant,generic,Sandvik AB
1095,.sanofi,generic,Sanofi
1096,.sap,generic,SAP AG
1097,.sapo,generic,Not assigned
1098,.sarl,generic,"Binky Moon, LLC"
1099,.sas,generic,Research IP LLC
1100,.save,generic,"Amazon Registry Services, Inc."
1101,.saxo,generic,Saxo Bank A/S
1102,.sb,country-code,Solomon Telekom Company Limited
1103,.sbi,generic,STATE BANK OF INDIA
1104,.sbs,generic,SPECIAL BROADCASTING SERVICE CORPORATION
1105,.sc,country-code,VCS Pty Ltd
1106,.sca,generic,SVENSKA CELLULOSA AKTIEBOLAGET SCA (publ)
1107,.scb,generic,"The Siam Commercial Bank Public Company Limited (""SCB"")"
1108,.schaeffler,generic,Schaeffler Technologies AG & Co. KG
1109,.schmidt,generic,SALM S.A.S.
1110,.scholarships,generic,"Scholarships.com, LLC"
1111,.school,generic,"Binky Moon, LLC"
1112,.schule,generic,"Binky Moon, LLC"
1113,.schwarz,generic,Schwarz Domains und Services GmbH & Co. KG
1114,.science,generic,dot Science Limited
1115,.scjohnson,generic,"Johnson Shareholdings, Inc."
1116,.scor,generic,Not assigned
1117,.scot,generic,Dot Scot Registry Limited
1118,.sd,country-code,Sudan Internet Society
1119,.se,country-code,The Internet Infrastructure Foundation
1120,.search,generic,Charleston Road Registry Inc.
1121,.seat,generic,"SEAT, S.A. (Sociedad Unipersonal)"
1122,.secure,generic,"Amazon Registry Services, Inc."
1123,.security,generic,XYZ.COM LLC
1124,.seek,generic,Seek Limited
1125,.select,generic,"Registry Services, LLC"
1126,.sener,generic,"Sener Ingeniería y Sistemas, S.A."
1127,.services,generic,"Binky Moon, LLC"
1128,.ses,generic,SES
1129,.seven,generic,Seven West Media Ltd
1130,.sew,generic,SEW-EURODRIVE GmbH & Co KG
1131,.sex,generic,ICM Registry SX LLC
1132,.sexy,generic,"Uniregistry, Corp."
1133,.sfr,generic,Societe Francaise du Radiotelephone - SFR
1134,.sg,country-code,Singapore Network Information Centre (SGNIC) Pte Ltd
1135,.sh,country-code,Government of St. Helena
1136,.shangrila,generic,Shangri‐La International Hotel Management Limited
1137,.sharp,generic,Sharp Corporation
1138,.shaw,generic,Shaw Cablesystems G.P.
1139,.shell,generic,Shell Information Technology International Inc
1140,.shia,generic,Asia Green IT System Bilgisayar San. ve Tic. Ltd. Sti.
1141,.shiksha,generic,Afilias Limited
1142,.shoes,generic,"Binky Moon, LLC"
1143,.shop,generic,"GMO Registry, Inc."
1144,.shopping,generic,"Binky Moon, LLC"
1145,.shouji,generic,QIHOO 360 TECHNOLOGY CO. LTD.
1146,.show,generic,"Binky Moon, LLC"
1147,.showtime,generic,CBS Domains Inc.
1148,.shriram,generic,Shriram Capital Ltd.
1149,.si,country-code,Academic and Research Network of Slovenia (ARNES)
1150,.silk,generic,"Amazon Registry Services, Inc."
1151,.sina,generic,Sina Corporation
1152,.singles,generic,"Binky Moon, LLC"
1153,.site,generic,DotSite Inc.
1154,.sj,country-code,Norid A/S
1155,.sk,country-code,"SK-NIC, a.s."
1156,.ski,generic,Afilias Limited
1157,.skin,generic,L'Oréal
1158,.sky,generic,Sky International AG
1159,.skype,generic,Microsoft Corporation
1160,.sl,country-code,Sierratel
1161,.sling,generic,Hughes Satellite Systems Corporation
1162,.sm,country-code,Telecom Italia San Marino S.p.A.
1163,.smart,generic,"Smart Communications, Inc. (SMART)"
1164,.smile,generic,"Amazon Registry Services, Inc."
1165,.sn,country-code,Universite Cheikh Anta Diop
1166,.sncf,generic,SNCF (Société Nationale des Chemins de fer Francais)
1167,.so,country-code,Ministry of Post and Telecommunications
1168,.soccer,generic,"Binky Moon, LLC"
1169,.social,generic,United TLD Holdco Ltd.
1170,.softbank,generic,SoftBank Group Corp.
1171,.software,generic,"United TLD Holdco, Ltd"
1172,.sohu,generic,Sohu.com Limited
1173,.solar,generic,"Binky Moon, LLC"
1174,.solutions,generic,"Binky Moon, LLC"
1175,.song,generic,"Amazon Registry Services, Inc."
1176,.sony,generic,Sony Corporation
1177,.soy,generic,Charleston Road Registry Inc.
1178,.space,generic,DotSpace Inc.
1179,.spiegel,generic,Not assigned
1180,.sport,generic,Global Association of International Sports Federations (GAISF)
1181,.spot,generic,"Amazon Registry Services, Inc."
1182,.spreadbetting,generic,DOTSPREADBETTING REGISTRY LTD
1183,.sr,country-code,Telesur
1184,.srl,generic,InterNetX Corp.
1185,.srt,generic,Not assigned
1186,.ss,country-code,National Communication Authority (NCA)
1187,.st,country-code,Tecnisys
1188,.stada,generic,STADA Arzneimittel AG
1189,.staples,generic,"Staples, Inc."
1190,.star,generic,Star India Private Limited
1191,.starhub,generic,Not assigned
1192,.statebank,generic,STATE BANK OF INDIA
1193,.statefarm,generic,State Farm Mutual Automobile Insurance Company
1194,.statoil,generic,Not assigned
1195,.stc,generic,Saudi Telecom Company
1196,.stcgroup,generic,Saudi Telecom Company
1197,.stockholm,generic,Stockholms kommun
1198,.storage,generic,XYZ.COM LLC
1199,.store,generic,DotStore Inc.
1200,.stream,generic,dot Stream Limited
1201,.studio,generic,United TLD Holdco Ltd.
1202,.study,generic,OPEN UNIVERSITIES AUSTRALIA PTY LTD
1203,.style,generic,"Binky Moon, LLC"
1204,.su,country-code,Russian Institute for Development of Public Networks
1205,.sucks,generic,Vox Populi Registry Ltd.
1206,.supplies,generic,"Binky Moon, LLC"
1207,.supply,generic,"Binky Moon, LLC"
1208,.support,generic,"Binky Moon, LLC"
1209,.surf,generic,Minds + Machines Group Limited
1210,.surgery,generic,"Binky Moon, LLC"
1211,.suzuki,generic,SUZUKI MOTOR CORPORATION
1212,.sv,country-code,SVNet
1213,.swatch,generic,The Swatch Group Ltd
1214,.swiftcover,generic,Swiftcover Insurance Services Limited
1215,.swiss,generic,Swiss Confederation
1216,.sx,country-code,SX Registry SA B.V.
1217,.sy,country-code,National Agency for Network Services (NANS)
1218,.sydney,generic,"State of New South Wales, Department of Premier and Cabinet"
1219,.symantec,generic,Symantec Corporation
1220,.systems,generic,"Binky Moon, LLC"
1221,.sz,country-code,University of Swaziland
1222,.tab,generic,Tabcorp Holdings Limited
1223,.taipei,generic,Taipei City Government
1224,.talk,generic,"Amazon Registry Services, Inc."
1225,.taobao,generic,Alibaba Group Holding Limited
1226,.target,generic,"Target Domain Holdings, LLC"
1227,.tatamotors,generic,Tata Motors Ltd
1228,.tatar,generic,"Limited Liability Company ""Coordination Center of Regional Domain of Tatarstan Republic"""
1229,.tattoo,generic,"Uniregistry, Corp."
1230,.tax,generic,"Binky Moon, LLC"
1231,.taxi,generic,"Binky Moon, LLC"
1232,.tc,country-code,Melrex TC
1233,.tci,generic,Asia Green IT System Bilgisayar San. ve Tic. Ltd. Sti.
1234,.td,country-code,l'Agence de Développement des Technologies de l'Information et de la Communication (ADETIC)
1235,.tdk,generic,TDK Corporation
1236,.team,generic,"Binky Moon, LLC"
1237,.tech,generic,Dot Tech LLC
1238,.technology,generic,"Binky Moon, LLC"
1239,.tel,sponsored,Telnames Ltd.
1240,.telecity,generic,Not assigned
1241,.telefonica,generic,Not assigned
1242,.temasek,generic,Temasek Holdings (Private) Limited
1243,.tennis,generic,"Binky Moon, LLC"
1244,.teva,generic,Teva Pharmaceutical Industries Limited
1245,.tf,country-code,Association Française pour le Nommage Internet en Coopération (A.F.N.I.C.)
1246,.tg,country-code,Autorite de Reglementation des secteurs de Postes et de Telecommunications (ART&P)
1247,.th,country-code,Thai Network Information Center Foundation
1248,.thd,generic,"Home Depot Product Authority, LLC"
1249,.theater,generic,"Binky Moon, LLC"
1250,.theatre,generic,XYZ.COM LLC
1251,.tiaa,generic,Teachers Insurance and Annuity Association of America
1252,.tickets,generic,Accent Media Limited
1253,.tienda,generic,"Binky Moon, LLC"
1254,.tiffany,generic,Tiffany and Company
1255,.tips,generic,"Binky Moon, LLC"
1256,.tires,generic,"Binky Moon, LLC"
1257,.tirol,generic,punkt Tirol GmbH
1258,.tj,country-code,Information Technology Center
1259,.tjmaxx,generic,"The TJX Companies, Inc."
1260,.tjx,generic,"The TJX Companies, Inc."
1261,.tk,country-code,Telecommunication Tokelau Corporation (Teletok)
1262,.tkmaxx,generic,"The TJX Companies, Inc."
1263,.tl,country-code,Autoridade Nacional de Comunicações
1264,.tm,country-code,TM Domain Registry Ltd
1265,.tmall,generic,Alibaba Group Holding Limited
1266,.tn,country-code,Agence Tunisienne d'Internet
1267,.to,country-code,Government of the Kingdom of Tonga
1268,.today,generic,"Binky Moon, LLC"
1269,.tokyo,generic,"GMO Registry, Inc."
1270,.tools,generic,"Binky Moon, LLC"
1271,.top,generic,"Jiangsu Bangning Science & Technology Co.,Ltd."
1272,.toray,generic,"Toray Industries, Inc."
1273,.toshiba,generic,TOSHIBA Corporation
1274,.total,generic,Total SA
1275,.tours,generic,"Binky Moon, LLC"
1276,.town,generic,"Binky Moon, LLC"
1277,.toyota,generic,TOYOTA MOTOR CORPORATION
1278,.toys,generic,"Binky Moon, LLC"
1279,.tp,country-code,Retired
1280,.tr,country-code,Bilgi Teknolojileri ve İletişim Kurumu (BTK)
1281,.trade,generic,Elite Registry Limited
1282,.trading,generic,DOTTRADING REGISTRY LTD
1283,.training,generic,"Binky Moon, LLC"
1284,.travel,sponsored,"Dog	Beach, LLC"
1285,.travelchannel,generic,"Lifestyle Domain Holdings, Inc."
1286,.travelers,generic,"Travelers TLD, LLC"
1287,.travelersinsurance,generic,"Travelers TLD, LLC"
1288,.trust,generic,Artemis Internet Inc
1289,.trv,generic,"Travelers TLD, LLC"
1290,.tt,country-code,University of the West Indies
1291,.tube,generic,Latin American Telecom LLC
1292,.tui,generic,TUI AG
1293,.tunes,generic,"Amazon Registry Services, Inc."
1294,.tushu,generic,"Amazon Registry Services, Inc."
1295,.tv,country-code,Ministry of Finance and Tourism
1296,.tvs,generic,T V SUNDRAM IYENGAR  & SONS PRIVATE LIMITED
1297,.tw,country-code,Taiwan Network Information Center (TWNIC)
1298,.tz,country-code,Tanzania Communications Regulatory Authority
1299,.ua,country-code,Hostmaster Ltd.
1300,.ubank,generic,National Australia Bank Limited
1301,.ubs,generic,UBS AG
1302,.uconnect,generic,Not assigned
1303,.ug,country-code,Uganda Online Ltd.
1304,.uk,country-code,Nominet UK
1305,.um,country-code,Not assigned
1306,.unicom,generic,China United Network Communications Corporation Limited
1307,.university,generic,"Binky Moon, LLC"
1308,.uno,generic,DotSite Inc.
1309,.uol,generic,UBN INTERNET LTDA.
1310,.ups,generic,"UPS Market Driver, Inc."
1311,.us,country-code,"NeuStar, Inc."
1312,.uy,country-code,SeCIU - Universidad de la Republica
1313,.uz,country-code,Single Integrator for Creation and Support of State Information Systems UZINFOCOM
1314,.va,country-code,Holy See - Vatican City State
1315,.vacations,generic,"Binky Moon, LLC"
1316,.vana,generic,"Lifestyle Domain Holdings, Inc."
1317,.vanguard,generic,"The Vanguard Group, Inc."
1318,.vc,country-code,"Ministry of Telecommunications, Science, Technology and Industry"
1319,.ve,country-code,Comisión Nacional de Telecomunicaciones (CONATEL)
1320,.vegas,generic,"Dot Vegas, Inc."
1321,.ventures,generic,"Binky Moon, LLC"
1322,.verisign,generic,"VeriSign, Inc."
1323,.versicherung,generic,TLD-BOX Registrydienstleistungen GmbH
1324,.vet,generic,"United TLD Holdco, Ltd"
1325,.vg,country-code,Telecommunications Regulatory Commission of the Virgin Islands
1326,.vi,country-code,"Virgin Islands Public Telecommunications System, Inc."
1327,.viajes,generic,"Binky Moon, LLC"
1328,.video,generic,"United TLD Holdco, Ltd"
1329,.vig,generic,VIENNA INSURANCE GROUP AG Wiener Versicherung Gruppe
1330,.viking,generic,Viking River Cruises (Bermuda) Ltd.
1331,.villas,generic,"Binky Moon, LLC"
1332,.vin,generic,"Binky Moon, LLC"
1333,.vip,generic,Minds + Machines Group Limited
1334,.virgin,generic,Virgin Enterprises Limited
1335,.visa,generic,Visa Worldwide Pte. Limited
1336,.vision,generic,"Binky Moon, LLC"
1337,.vista,generic,Not assigned
1338,.vistaprint,generic,Not assigned
1339,.viva,generic,Saudi Telecom Company
1340,.vivo,generic,Telefonica Brasil S.A.
1341,.vlaanderen,generic,DNS.be vzw
1342,.vn,country-code,Viet Nam Internet Network Information Center (VNNIC)
1343,.vodka,generic,Minds + Machines Group Limited
1344,.volkswagen,generic,Volkswagen Group of America Inc.
1345,.volvo,generic,Volvo Holding Sverige Aktiebolag
1346,.vote,generic,Monolith Registry LLC
1347,.voting,generic,Valuetainment Corp.
1348,.voto,generic,Monolith Registry LLC
1349,.voyage,generic,"Binky Moon, LLC"
1350,.vu,country-code,Telecommunications Radiocommunications and Broadcasting Regulator (TRBR)
1351,.vuelos,generic,Travel Reservations SRL
1352,.wales,generic,Nominet UK
1353,.walmart,generic,"Wal-Mart Stores, Inc."
1354,.walter,generic,Sandvik AB
1355,.wang,generic,Zodiac Wang Limited
1356,.wanggou,generic,"Amazon Registry Services, Inc."
1357,.warman,generic,Not assigned
1358,.watch,generic,"Binky Moon, LLC"
1359,.watches,generic,Richemont DNS Inc.
1360,.weather,generic,International Business Machines Corporation
1361,.weatherchannel,generic,International Business Machines Corporation
1362,.webcam,generic,dot Webcam Limited
1363,.weber,generic,Saint-Gobain Weber SA
1364,.website,generic,DotWebsite Inc.
1365,.wed,generic,Emergency Back-End Registry Operator Program - ICANN
1366,.wedding,generic,Minds + Machines Group Limited
1367,.weibo,generic,Sina Corporation
1368,.weir,generic,Weir Group IP Limited
1369,.wf,country-code,Association Française pour le Nommage Internet en Coopération (A.F.N.I.C.)
1370,.whoswho,generic,Who's Who Registry
1371,.wien,generic,punkt.wien GmbH
1372,.wiki,generic,"Top Level Design, LLC"
1373,.williamhill,generic,William Hill Organization Limited
1374,.win,generic,First Registry Limited
1375,.windows,generic,Microsoft Corporation
1376,.wine,generic,"Binky Moon, LLC"
1377,.winners,generic,"The TJX Companies, Inc."
1378,.wme,generic,"William Morris Endeavor Entertainment, LLC"
1379,.wolterskluwer,generic,Wolters Kluwer N.V.
1380,.woodside,generic,Woodside Petroleum Limited
1381,.work,generic,Minds + Machines Group Limited
1382,.works,generic,"Binky Moon, LLC"
1383,.world,generic,"Binky Moon, LLC"
1384,.wow,generic,"Amazon Registry Services, Inc."
1385,.ws,country-code,Government of Samoa Ministry of Foreign Affairs & Trade
1386,.wtc,generic,"World Trade Centers Association, Inc."
1387,.wtf,generic,"Binky Moon, LLC"
1388,.xbox,generic,Microsoft Corporation
1389,.xerox,generic,Xerox DNHC LLC
1390,.xfinity,generic,"Comcast IP Holdings I, LLC"
1391,.xihuan,generic,QIHOO 360 TECHNOLOGY CO. LTD.
1392,.xin,generic,Elegant Leader Limited
1393,.测试,test,Internet Assigned Numbers Authority
1394,.कॉम,generic,VeriSign Sarl
1395,.परीक्षा,test,Internet Assigned Numbers Authority
1396,.セール,generic,"Amazon Registry Services, Inc."
1397,.佛山,generic,"Guangzhou YU Wei Information Technology Co., Ltd."
1398,.ಭಾರತ,country-code,National Internet eXchange of India
1399,.慈善,generic,Excellent First Limited
1400,.集团,generic,Eagle Horizon Limited
1401,.在线,generic,TLD REGISTRY LIMITED
1402,.한국,country-code,KISA (Korea Internet & Security Agency)
1403,.ଭାରତ,country-code,National Internet eXchange of India
1404,.大众汽车,generic,"Volkswagen (China) Investment Co., Ltd."
1405,.点看,generic,VeriSign Sarl
1406,.คอม,generic,VeriSign Sarl
1407,.ভাৰত,country-code,National Internet eXchange of India
1408,.ভারত,country-code,National Internet Exchange of India
1409,.八卦,generic,Zodiac Gemini Ltd
1410,‏.ישראל‎,country-code,Not assigned
1411,‏.موقع‎,generic,Suhub Electronic Establishment
1412,.বাংলা,country-code,Posts and Telecommunications Division
1413,.公益,generic,China Organizational Name Administration Center
1414,.公司,generic,Computer Network Information Center of Chinese Academy of Sciences （China Internet Network Information Center）
1415,.香格里拉,generic,Shangri‐La International Hotel Management Limited
1416,.网站,generic,Global Website TLD Asia Limited
1417,.移动,generic,Afilias Limited
1418,.我爱你,generic,Tycoon Treasure Limited
1419,.москва,generic,Foundation for Assistance for Internet Technologies and Infrastructure Development (FAITID)
1420,.испытание,test,Internet Assigned Numbers Authority
1421,.қаз,country-code,Association of IT Companies of Kazakhstan
1422,.католик,generic,Pontificium Consilium de Comunicationibus Socialibus (PCCS) (Pontifical Council for Social Communication)
1423,.онлайн,generic,CORE Association
1424,.сайт,generic,CORE Association
1425,.联通,generic,China United Network Communications Corporation Limited
1426,.срб,country-code,Serbian National Internet Domain Registry (RNIDS)
1427,.бг,country-code,Imena.BG AD
1428,.бел,country-code,"Reliable Software, Ltd."
1429,‏.קום‎,generic,VeriSign Sarl
1430,.时尚,generic,RISE VICTORY LIMITED
1431,.微博,generic,Sina Corporation
1432,.테스트,test,Internet Assigned Numbers Authority
1433,.淡马锡,generic,Temasek Holdings (Private) Limited
1434,.ファッション,generic,"Amazon Registry Services, Inc."
1435,.орг,generic,Public Interest Registry
1436,.नेट,generic,VeriSign Sarl
1437,.ストア,generic,"Amazon Registry Services, Inc."
1438,.アマゾン,generic,"Amazon Registry Services, Inc."
1439,.삼성,generic,"SAMSUNG SDS CO., LTD"
1440,.சிங்கப்பூர்,country-code,Singapore Network Information Centre (SGNIC) Pte Ltd
1441,.商标,generic,HU YI GLOBAL INFORMATION RESOURCES(HOLDING) COMPANY.HONGKONG LIMITED
1442,.商店,generic,"Binky Moon, LLC"
1443,.商城,generic,Zodiac Aquarius Limited
1444,.дети,generic,The Foundation for Network Initiatives “The Smart Internet”
1445,.мкд,country-code,Macedonian Academic Research Network Skopje
1446,‏.טעסט‎,test,Internet Assigned Numbers Authority
1447,.ею,country-code,EURid vzw/asbl
1448,.ポイント,generic,"Amazon Registry Services, Inc."
1449,.新闻,generic,"Guangzhou YU Wei Information and Technology Co.,Ltd"
1450,.工行,generic,Not assigned
1451,.家電,generic,"Amazon Registry Services, Inc."
1452,‏.كوم‎,generic,VeriSign Sarl
1453,.中文网,generic,TLD REGISTRY LIMITED
1454,.中信,generic,CITIC Group Corporation
1455,.中国,country-code,China Internet Network Information Center (CNNIC)
1456,.中國,country-code,China Internet Network Information Center (CNNIC)
1457,.娱乐,generic,"Binky Moon, LLC"
1458,.谷歌,generic,Charleston Road Registry Inc.
1459,.భారత్,country-code,National Internet Exchange of India
1460,.ලංකා,country-code,LK Domain Registry
1461,.電訊盈科,generic,PCCW Enterprises Limited
1462,.购物,generic,Minds + Machines Group Limited
1463,.測試,test,Internet Assigned Numbers Authority
1464,.クラウド,generic,"Amazon Registry Services, Inc."
1465,.ભારત,country-code,National Internet Exchange of India
1466,.通販,generic,"Amazon Registry Services, Inc."
1467,.भारतम्,country-code,National Internet eXchange of India
1468,.भारत,country-code,National Internet Exchange of India
1469,.भारोत,country-code,National Internet eXchange of India
1470,‏.آزمایشی‎,test,Internet Assigned Numbers Authority
1471,.பரிட்சை,test,Internet Assigned Numbers Authority
1472,.网店,generic,Zodiac Taurus Ltd.
1473,.संगठन,generic,Public Interest Registry
1474,.餐厅,generic,HU YI GLOBAL INFORMATION RESOURCES (HOLDING) COMPANY. HONGKONG LIMITED
1475,.网络,generic,Computer Network Information Center of Chinese Academy of Sciences （China Internet Network Information Center）
1476,.ком,generic,VeriSign Sarl
1477,.укр,country-code,"Ukrainian Network Information Centre (UANIC), Inc."
1478,.香港,country-code,Hong Kong Internet Registration Corporation Ltd.
1479,.亚马逊,generic,"Amazon Registry Services, Inc."
1480,.诺基亚,generic,Nokia Corporation
1481,.食品,generic,"Amazon Registry Services, Inc."
1482,.δοκιμή,test,Internet Assigned Numbers Authority
1483,.飞利浦,generic,Koninklijke Philips N.V.
1484,‏.إختبار‎,test,Internet Assigned Numbers Authority
1485,.台湾,country-code,Taiwan Network Information Center (TWNIC)
1486,.台灣,country-code,Taiwan Network Information Center (TWNIC)
1487,.手表,generic,Richemont DNS Inc.
1488,.手机,generic,"Beijing RITT-Net Technology Development Co., Ltd"
1489,.мон,country-code,"Datacom Co.,Ltd"
1490,‏.الجزائر‎,country-code,CERIST
1491,‏.عمان‎,country-code,Telecommunications Regulatory Authority (TRA)
1492,‏.ارامكو‎,generic,Aramco Services Company
1493,‏.ایران‎,country-code,Institute for Research in Fundamental Sciences (IPM)
1494,‏.العليان‎,generic,Crescent Holding GmbH
1495,‏.اتصالات‎,generic,Emirates Telecommunications Corporation (trading as Etisalat)
1496,‏.امارات‎,country-code,Telecommunications Regulatory Authority (TRA)
1497,‏.بازار‎,generic,CORE Association
1498,‏.موريتانيا‎,country-code,Université de Nouakchott Al Aasriya
1499,‏.پاکستان‎,country-code,National Telecommunication Corporation
1500,‏.الاردن‎,country-code,National Information Technology Center (NITC)
1501,‏.موبايلي‎,generic,Not assigned
1502,‏.بارت‎,country-code,National Internet eXchange of India
1503,‏.بھارت‎,country-code,National Internet Exchange of India
1504,‏.المغرب‎,country-code,Agence Nationale de Réglementation des Télécommunications (ANRT)
1505,‏.ابوظبي‎,generic,Abu Dhabi Systems and Information Centre
1506,‏.البحرين‎,country-code,Telecommunications Regulatory Authority (TRA)
1507,‏.السعودية‎,country-code,Communications and Information Technology Commission
1508,‏.ڀارت‎,country-code,National Internet eXchange of India
1509,‏.كاثوليك‎,generic,Pontificium Consilium de Comunicationibus Socialibus (PCCS) (Pontifical Council for Social Communication)
1510,‏.سودان‎,country-code,Sudan Internet Society
1511,‏.همراه‎,generic,Asia Green IT System Bilgisayar San. ve Tic. Ltd. Sti.
1512,‏.عراق‎,country-code,Communications and Media Commission (CMC)
1513,‏.مليسيا‎,country-code,MYNIC Berhad
1514,.澳門,country-code,Macao Post and Telecommunications Bureau (CTT)
1515,.닷컴,generic,VeriSign Sarl
1516,.政府,generic,"Net-Chinese Co., Ltd."
1517,‏.شبكة‎,generic,International Domain Registry Pty. Ltd.
1518,‏.بيتك‎,generic,Kuwait Finance House
1519,‏.عرب‎,generic,League of Arab States
1520,.გე,country-code,Information Technologies Development Center (ITDC)
1521,.机构,generic,Public Interest Registry
1522,.组织机构,generic,Public Interest Registry
1523,.健康,generic,Stable Tone Limited
1524,.ไทย,country-code,Thai Network Information Center Foundation
1525,‏.سورية‎,country-code,National Agency for Network Services (NANS)
1526,.招聘,generic,Dot Trademark TLD Holding Company Limited
1527,.рус,generic,Rusnames Limited
1528,.рф,country-code,Coordination Center for TLD RU
1529,.珠宝,generic,Richemont DNS Inc.
1530,‏.تونس‎,country-code,Agence Tunisienne d'Internet
1531,.大拿,generic,VeriSign Sarl
1532,.ລາວ,country-code,Lao National Internet Center (LANIC)
1533,.みんな,generic,Charleston Road Registry Inc.
1534,.グーグル,generic,Charleston Road Registry Inc.
1535,.ευ,country-code,EURid vzw/asbl
1536,.ελ,country-code,ICS-FORTH GR
1537,.世界,generic,Stable Tone Limited
1538,.書籍,generic,"Amazon Registry Services, Inc."
1539,.ഭാരതം,country-code,National Internet eXchange of India
1540,.ਭਾਰਤ,country-code,National Internet Exchange of India
1541,.网址,generic,"KNET Co., Ltd"
1542,.닷넷,generic,VeriSign Sarl
1543,.コム,generic,VeriSign Sarl
1544,.天主教,generic,Pontificium Consilium de Comunicationibus Socialibus (PCCS) (Pontifical Council for Social Communication)
1545,.游戏,generic,"Binky Moon, LLC"
1546,.vermögensberater,generic,Deutsche Vermögensberatung Aktiengesellschaft DVAG
1547,.vermögensberatung,generic,Deutsche Vermögensberatung Aktiengesellschaft DVAG
1548,.企业,generic,"Binky Moon, LLC"
1549,.信息,generic,"Beijing Tele-info Network Technology Co., Ltd."
1550,.嘉里大酒店,generic,Kerry Trading Co. Limited
1551,.嘉里,generic,Kerry Trading Co. Limited
1552,‏.مصر‎,country-code,National Telecommunication Regulatory Authority - NTRA
1553,‏.قطر‎,country-code,Communications Regulatory Authority
1554,.广东,generic,"Guangzhou YU Wei Information Technology Co., Ltd."
1555,.இலங்கை,country-code,LK Domain Registry
1556,.இந்தியா,country-code,National Internet Exchange of India
1557,.հայ,country-code,"""Internet Society"" Non-governmental Organization"
1558,.新加坡,country-code,Singapore Network Information Centre (SGNIC) Pte Ltd
1559,‏.فلسطين‎,country-code,Ministry of Telecom & Information Technology (MTIT)
1560,.テスト,test,Internet Assigned Numbers Authority
1561,.政务,generic,China Organizational Name Administration Center
1562,.xperia,generic,Not assigned
1563,.xxx,sponsored,ICM Registry LLC
1564,.xyz,generic,XYZ.COM LLC
1565,.yachts,generic,"DERYachts, LLC"
1566,.yahoo,generic,Yahoo! Domain Services Inc.
1567,.yamaxun,generic,"Amazon Registry Services, Inc."
1568,.yandex,generic,Yandex Europe B.V.
1569,.ye,country-code,TeleYemen
1570,.yodobashi,generic,"YODOBASHI CAMERA CO.,LTD."
1571,.yoga,generic,Minds + Machines Group Limited
1572,.yokohama,generic,"GMO Registry, Inc."
1573,.you,generic,"Amazon Registry Services, Inc."
1574,.youtube,generic,Charleston Road Registry Inc.
1575,.yt,country-code,Association Française pour le Nommage Internet en Coopération (A.F.N.I.C.)
1576,.yun,generic,QIHOO 360 TECHNOLOGY CO. LTD.
1577,.za,country-code,ZA Domain Name Authority
1578,.zappos,generic,"Amazon Registry Services, Inc."
1579,.zara,generic,"Industria de Diseño Textil, S.A. (INDITEX, S.A.)"
1580,.zero,generic,"Amazon Registry Services, Inc."
1581,.zip,generic,Charleston Road Registry Inc.
1582,.zippo,generic,Not assigned
1583,.zm,country-code,Zambia Information and Communications Technology Authority (ZICTA)
1584,.zone,generic,"Binky Moon, LLC"
1585,.zuerich,generic,Kanton Zürich (Canton of Zurich)
1586,.zw,country-code,Postal and Telecommunications Regulatory Authority of Zimbabwe (POTRAZ)
1587,,.INT Registry,.ARPA Registry
1588,,,
1589,,Time Zone Database,
1590,,Reports,Performance
